title,content,sentiment,url
Epomaker Unveils Its Fashionable Luma84 Low-Profile Mechanical Keyboard,"The Luma84 low-profile mechanical keyboard is available with black or white keycaps. The Luma84 us customizable and can connect via USB, wireless dongle or Bluetooth.",positive,https://www.forbes.com/sites/marksparrow/2025/04/17/epomaker-unveils-its-fashionable-luma84-low-profile-mechanical-keyboard/
Data: How to drive web traffic and engagement with LinkedIn,"New data sheds light on which formats get the biggest results. The conventional wisdom is that putting a hyperlink into a post on LinkedIn will kill your reach. Instead, you should include the link as the first comment. But that’s just not true, according to …",positive,https://www.prdaily.com/data-how-to-drive-web-traffic-and-engagement-with-linkedin/
On this day: Red names Bill Russell head coach; Sam Jones drafted,"On this day in 1966, Celtics legend Red Auerbach named Bill Russell his successor as head coach, 9 years after they drafted Sam Jones.",positive,https://celticswire.usatoday.com/story/sports/nba/celtics/2025/04/17/on-this-day-red-names-bill-russell-head-coach-sam-jones-drafted/83020312007/
Don't See the Emoji You Want? Create It Yourself With Apple Intelligence,"Even with thousands of emoji, you still might be unimpressed with the current offerings. That's where Genmoji comes in.",positive,https://www.cnet.com/tech/services-and-software/dont-see-the-emoji-you-want-create-it-yourself-with-apple-intelligence/
"Ragnarok: Back to Glory Official Launching in Korea and Southeast Asia on April 17, 2025","Seoul, South Korea, April 17, 2025 (GLOBE NEWSWIRE) -- GRAVITY Co., Ltd. (NasdaqGM: GRVY) (“Gravity” or “Company”), a developer and publisher of online and mobile games, announced the official launch of Ragnarok: Back to Glory, in Korea and Southeast Asia on …",positive,https://www.globenewswire.com/news-release/2025/04/17/3063184/0/en/Ragnarok-Back-to-Glory-Official-Launching-in-Korea-and-Southeast-Asia-on-April-17-2025.html
Teen boys are going to extreme lengths to be ‘skinny like Timothée Chalamet’ — and parents are worried,"""It used to be boys wanted to bulk up,” one concerned parent of a 14-year-old boy told The Post. “Now, actors like Timothée Chalamet are giving them a whole new look to achieve.”",positive,https://nypost.com/2025/04/17/lifestyle/teen-boys-going-to-extremes-to-be-skinny-like-timothee-chalamet/
Verano Elevates Florida Retail Footprint to 81 Dispensaries with the Opening of MÜV New Smyrna Beach,Dispensary to celebrate 420 “high holiday” opening weekend with plethora of deals and discounts available at all Florida MÜV locations  Located at 763...,positive,https://www.globenewswire.com/news-release/2025/04/17/3063183/0/en/Verano-Elevates-Florida-Retail-Footprint-to-81-Dispensaries-with-the-Opening-of-M%C3%9CV-New-Smyrna-Beach.html
"It’s the Economy, Idiom!","You are all magnetic and user-centric examples of how, when we benchmark blue-sky thinking, even in a pre-tax, low-hanging-fruit environment, we leverage actionable, best-of-breed streamlining, period.",positive,https://www.newyorker.com/humor/shouts-murmurs/its-the-economy-idiom
"For the 2034 Olympics, Utah wants air taxis instead of Ubers",Flying cars have been a staple of science-fiction visions of the future for ages. Perhaps most famously in “Back to the Future II.” The film may have overshot the mark a bit with Doc and Marty McFly navigating full-on air highways in 2015. But Utah is pushing…,positive,https://www.marketplace.org/episode/2025/04/17/for-the-2034-olympics-utah-wants-air-taxis-instead-of-ubers
"TSMC Says It Has No Intention Of Forming A JV With Intel, Asserts That Its Production Yields In The Arizona Fab Are Comparable To Those In Taiwan Facilities","In what is nothing short of a bombshell commentary that again places Intel's future within the raging vortex of uncertainty, TSMC has declared during its earnings call that it is not interested in forming a JV with other companies. $SPY $QQQ $TSLA $MU $NVDA $…",positive,https://wccftech.com/tsmc-says-it-has-no-intention-of-forming-a-jv-with-intel-asserts-that-its-production-yields-in-the-arizona-fab-are-comparable-to-those-in-taiwan-facilities/
